INSERT INTO exercise VALUES ('Dumbell bench press');
INSERT INTO exercise VALUES ('Barbell bench press');
INSERT INTO exercise VALUES ('Cable crossover');
INSERT INTO exercise VALUES ('Incline dumbell bench press');
INSERT INTO exercise VALUES ('Incline barbell bench press');
INSERT INTO exercise VALUES ('Dumbell flies');
INSERT INTO exercise VALUES ('Pec deck');
INSERT INTO exercise VALUES ('Decline dumbell bench press');
INSERT INTO exercise VALUES ('Decline barbell bench press');
INSERT INTO exercise VALUES ('Incline Dumbell flies');
INSERT INTO exercise VALUES ('Squats');
INSERT INTO exercise VALUES ('Front squats');
INSERT INTO exercise VALUES ('Lunges');
INSERT INTO exercise VALUES ('Bulgarian split squat');
INSERT INTO exercise VALUES ('Wall ball');
INSERT INTO exercise VALUES ('Leg extension');
INSERT INTO exercise VALUES ('Lying leg curl');
INSERT INTO exercise VALUES ('Seated leg curl');
INSERT INTO exercise VALUES ('Calf raises');
INSERT INTO exercise VALUES ('Donkey raises');
INSERT INTO exercise VALUES ('Barbell romanian deadlift');
INSERT INTO exercise VALUES ('Dumbell romanian deadlift');
INSERT INTO exercise VALUES ('Hip thrust');
INSERT INTO exercise VALUES ('Deadlift');
INSERT INTO exercise VALUES ('Chin ups');
INSERT INTO exercise VALUES ('Dumbell extension');
INSERT INTO exercise VALUES ('Skullcrusher');
INSERT INTO exercise VALUES ('Dumbell skullcrusher');
INSERT INTO exercise VALUES ('Tricep pushdown');
INSERT INTO exercise VALUES ('Rope tricep pushdown');
INSERT INTO exercise VALUES ('Close grip bench press');
INSERT INTO exercise VALUES ('Military press');
INSERT INTO exercise VALUES ('Behind neck press');
INSERT INTO exercise VALUES ('Overhead press');
INSERT INTO exercise VALUES ('Seated dumbell shoulder press');
INSERT INTO exercise VALUES ('Seated military press');
INSERT INTO exercise VALUES ('Standing dumbell shoulder press');
INSERT INTO exercise VALUES ('Arnold press');
INSERT INTO exercise VALUES ('Dumbell lateral raise');
INSERT INTO exercise VALUES ('Cable lateral raise');
INSERT INTO exercise VALUES ('Dumbell front raise');
INSERT INTO exercise VALUES ('Plate front raise');
INSERT INTO exercise VALUES ('Barbell front raise');
INSERT INTO exercise VALUES ('Shrugs');
INSERT INTO exercise VALUES ('Bent over lateral raise');
INSERT INTO exercise VALUES ('Face pullover');
INSERT INTO exercise VALUES ('Hanging leg raises');
INSERT INTO exercise VALUES ('Leg raises');
INSERT INTO exercise VALUES ('Crunches');
INSERT INTO exercise VALUES ('Sit ups');
INSERT INTO exercise VALUES ('Russian twist');
INSERT INTO exercise VALUES ('Plank');
INSERT INTO exercise VALUES ('Cable crunches');
INSERT INTO exercise VALUES ('Decline sit ups');
INSERT INTO exercise VALUES ('Incline sit ups');
INSERT INTO exercise VALUES ('Incline leg raises');
INSERT INTO exercise VALUES ('Side plank');
INSERT INTO exercise VALUES ('Push ups');
INSERT INTO exercise VALUES ('Dips');
INSERT INTO exercise VALUES ('Pull ups');
INSERT INTO exercise VALUES ('Diamond push ups');
INSERT INTO exercise VALUES ('Russian pull ups');
INSERT INTO exercise VALUES ('Underhand bent over barbell row');
INSERT INTO exercise VALUES ('Overhand bent over barbell row');
INSERT INTO exercise VALUES ('Dumbell bent over row');
INSERT INTO exercise VALUES ('One hand dumbell row');
INSERT INTO exercise VALUES ('T-bar row');
INSERT INTO exercise VALUES ('Lat pulldown');
INSERT INTO exercise VALUES ('Close grip lat pull down');
INSERT INTO exercise VALUES ('Underhand lat pulldown');
INSERT INTO exercise VALUES ('Seated cable row');
INSERT INTO exercise VALUES ('Standing cable row');
INSERT INTO exercise VALUES ('Rope pulldown');
INSERT INTO exercise VALUES ('Dumbell curl');
INSERT INTO exercise VALUES ('Barbell curl');
INSERT INTO exercise VALUES ('Hammer curl');
INSERT INTO exercise VALUES ('Cable curl');
INSERT INTO exercise VALUES ('Preacher curl');
INSERT INTO exercise VALUES ('Seated dumbell curl');
INSERT INTO exercise VALUES ('Seated hammer curl');
INSERT INTO exercise VALUES ('EZ bar curl');
INSERT INTO exercise VALUES ('21s');
INSERT INTO exercise VALUES ('One arm cable curl');
INSERT INTO exercise VALUES ('Hyperextension');
INSERT INTO exercise VALUES ('Lying tricep extension');
INSERT INTO exercise VALUES ('Standing tricep extension');

INSERT INTO type VALUES ('Chest');
INSERT INTO type VALUES ('Back');
INSERT INTO type VALUES ('Triceps');
INSERT INTO type VALUES ('Shoulders');
INSERT INTO type VALUES ('Abs');
INSERT INTO type VALUES ('Street workout');
INSERT INTO type VALUES ('Biceps');
INSERT INTO type VALUES ('Legs');

INSERT INTO exercise_type VALUES ('Dumbell bench press', 'Chest');
INSERT INTO exercise_type VALUES ('Push ups', 'Chest');
INSERT INTO exercise_type VALUES ('Cable crossover', 'Chest');
INSERT INTO exercise_type VALUES ('Dips', 'Chest');
INSERT INTO exercise_type VALUES ('Incline dumbell bench press', 'Chest');
INSERT INTO exercise_type VALUES ('Incline barbell bench press', 'Chest');
INSERT INTO exercise_type VALUES ('Dumbell flies', 'Chest');
INSERT INTO exercise_type VALUES ('Pec deck', 'Chest');
INSERT INTO exercise_type VALUES ('Decline dumbell bench press', 'Chest');
INSERT INTO exercise_type VALUES ('Decline barbell bench press', 'Chest');
INSERT INTO exercise_type VALUES ('Incline Dumbell flies', 'Chest');
INSERT INTO exercise_type VALUES ('Squats', 'Legs');
INSERT INTO exercise_type VALUES ('Front squats', 'Legs');
INSERT INTO exercise_type VALUES ('Lunges', 'Legs');
INSERT INTO exercise_type VALUES ('Bulgarian split squat', 'Legs');
INSERT INTO exercise_type VALUES ('Wall ball', 'Legs');
INSERT INTO exercise_type VALUES ('Leg extension', 'Legs');
INSERT INTO exercise_type VALUES ('Lying leg curl', 'Legs');
INSERT INTO exercise_type VALUES ('Seated leg curl', 'Legs');
INSERT INTO exercise_type VALUES ('Calf raises', 'Legs');
INSERT INTO exercise_type VALUES ('Donkey raises', 'Legs');
INSERT INTO exercise_type VALUES ('Barbell romanian deadlift', 'Legs');
INSERT INTO exercise_type VALUES ('Dumbell romanian deadlift', 'Legs');
INSERT INTO exercise_type VALUES ('Hip thrust', 'Legs');
INSERT INTO exercise_type VALUES ('Pull ups', 'Back');
INSERT INTO exercise_type VALUES ('Deadlift', 'Back');
INSERT INTO exercise_type VALUES ('Chin ups', 'Back');
INSERT INTO exercise_type VALUES ('Dumbell extension', 'Triceps');
INSERT INTO exercise_type VALUES ('Skullcrusher', 'Triceps');
INSERT INTO exercise_type VALUES ('Dumbell skullcrusher', 'Triceps');
INSERT INTO exercise_type VALUES ('Tricep pushdown', 'Triceps');
INSERT INTO exercise_type VALUES ('Rope tricep pushdown', 'Triceps');
INSERT INTO exercise_type VALUES ('Close grip bench press', 'Triceps');
INSERT INTO exercise_type VALUES ('Diamond push ups', 'Triceps');
INSERT INTO exercise_type VALUES ('Dips', 'Triceps');
INSERT INTO exercise_type VALUES ('Push ups', 'Triceps');
INSERT INTO exercise_type VALUES ('Military press', 'Shoulders');
INSERT INTO exercise_type VALUES ('Behind neck press', 'Shoulders');
INSERT INTO exercise_type VALUES ('Overhead press', 'Shoulders');
INSERT INTO exercise_type VALUES ('Seated dumbell shoulder press', 'Shoulders');
INSERT INTO exercise_type VALUES ('Seated military press', 'Shoulders');
INSERT INTO exercise_type VALUES ('Standing dumbell shoulder press', 'Shoulders');
INSERT INTO exercise_type VALUES ('Arnold press', 'Shoulders');
INSERT INTO exercise_type VALUES ('Dumbell lateral raise', 'Shoulders');
INSERT INTO exercise_type VALUES ('Cable lateral raise', 'Shoulders');
INSERT INTO exercise_type VALUES ('Dumbell front raise', 'Shoulders');
INSERT INTO exercise_type VALUES ('Plate front raise', 'Shoulders');
INSERT INTO exercise_type VALUES ('Barbell front raise', 'Shoulders');
INSERT INTO exercise_type VALUES ('Shrugs', 'Shoulders');
INSERT INTO exercise_type VALUES ('Bent over lateral raise', 'Shoulders');
INSERT INTO exercise_type VALUES ('Face pullover', 'Shoulders');
INSERT INTO exercise_type VALUES ('Hanging leg raises', 'Abs');
INSERT INTO exercise_type VALUES ('Leg raises', 'Abs');
INSERT INTO exercise_type VALUES ('Crunches', 'Abs');
INSERT INTO exercise_type VALUES ('Sit ups', 'Abs');
INSERT INTO exercise_type VALUES ('Russian twist', 'Abs');
INSERT INTO exercise_type VALUES ('Plank', 'Abs');
INSERT INTO exercise_type VALUES ('Cable crunches', 'Abs');
INSERT INTO exercise_type VALUES ('Decline sit ups', 'Abs');
INSERT INTO exercise_type VALUES ('Incline sit ups', 'Abs');
INSERT INTO exercise_type VALUES ('Incline leg raises', 'Abs');
INSERT INTO exercise_type VALUES ('Side plank', 'Abs');
INSERT INTO exercise_type VALUES ('Push ups', 'Street workout');
INSERT INTO exercise_type VALUES ('Dips', 'Street workout');
INSERT INTO exercise_type VALUES ('Pull ups', 'Street workout');
INSERT INTO exercise_type VALUES ('Diamond push ups', 'Street workout');
INSERT INTO exercise_type VALUES ('Hanging leg raises', 'Street workout');
INSERT INTO exercise_type VALUES ('Leg raises', 'Street workout');
INSERT INTO exercise_type VALUES ('Crunches', 'Street workout');
INSERT INTO exercise_type VALUES ('Sit ups', 'Street workout');
INSERT INTO exercise_type VALUES ('Russian twist', 'Street workout');
INSERT INTO exercise_type VALUES ('Plank', 'Street workout');
INSERT INTO exercise_type VALUES ('Side plank', 'Street workout');
INSERT INTO exercise_type VALUES ('Squats', 'Street workout');
INSERT INTO exercise_type VALUES ('Lunges', 'Street workout');
INSERT INTO exercise_type VALUES ('Russian pull ups', 'Street workout');
INSERT INTO exercise_type VALUES ('Deadlift', 'Legs');
INSERT INTO exercise_type VALUES ('Underhand bent over barbell row', 'Back');
INSERT INTO exercise_type VALUES ('Overhand bent over barbell row', 'Back');
INSERT INTO exercise_type VALUES ('Dumbell bent over row', 'Back');
INSERT INTO exercise_type VALUES ('One hand dumbell row', 'Back');
INSERT INTO exercise_type VALUES ('T-bar row', 'Back');
INSERT INTO exercise_type VALUES ('Lat pulldown', 'Back');
INSERT INTO exercise_type VALUES ('Close grip lat pull down', 'Back');
INSERT INTO exercise_type VALUES ('Underhand lat pulldown', 'Back');
INSERT INTO exercise_type VALUES ('Seated cable row', 'Back');
INSERT INTO exercise_type VALUES ('Standing cable row', 'Back');
INSERT INTO exercise_type VALUES ('Rope pulldown', 'Back');
INSERT INTO exercise_type VALUES ('Dumbell curl', 'Biceps');
INSERT INTO exercise_type VALUES ('Barbell curl', 'Biceps');
INSERT INTO exercise_type VALUES ('Hammer curl', 'Biceps');
INSERT INTO exercise_type VALUES ('Cable curl', 'Biceps');
INSERT INTO exercise_type VALUES ('Preacher curl', 'Biceps');
INSERT INTO exercise_type VALUES ('Seated dumbell curl', 'Biceps');
INSERT INTO exercise_type VALUES ('Seated hammer curl', 'Biceps');
INSERT INTO exercise_type VALUES ('EZ bar curl', 'Biceps');
INSERT INTO exercise_type VALUES ('21s', 'Biceps');
INSERT INTO exercise_type VALUES ('One arm cable curl', 'Biceps');
INSERT INTO exercise_type VALUES ('Hyperextension', 'Back');
INSERT INTO exercise_type VALUES ('Lying tricep extension', 'Triceps');
INSERT INTO exercise_type VALUES ('Standing tricep extension', 'Triceps');
INSERT INTO exercise_type VALUES ('Barbell bench press', 'Chest');
